year,link
1800,/search/?formInput=doctypes:consumer fromdate:1-1-1800 todate: 31-12-1800
1989,/search/?formInput=doctypes:consumer fromdate:1-1-1989 todate: 31-12-1989
1990,/search/?formInput=doctypes:consumer fromdate:1-1-1990 todate: 31-12-1990
1991,/search/?formInput=doctypes:consumer fromdate:1-1-1991 todate: 31-12-1991
1992,/search/?formInput=doctypes:consumer fromdate:1-1-1992 todate: 31-12-1992
1993,/search/?formInput=doctypes:consumer fromdate:1-1-1993 todate: 31-12-1993
1994,/search/?formInput=doctypes:consumer fromdate:1-1-1994 todate: 31-12-1994
1995,/search/?formInput=doctypes:consumer fromdate:1-1-1995 todate: 31-12-1995
1996,/search/?formInput=doctypes:consumer fromdate:1-1-1996 todate: 31-12-1996
1997,/search/?formInput=doctypes:consumer fromdate:1-1-1997 todate: 31-12-1997
1998,/search/?formInput=doctypes:consumer fromdate:1-1-1998 todate: 31-12-1998
1999,/search/?formInput=doctypes:consumer fromdate:1-1-1999 todate: 31-12-1999
2000,/search/?formInput=doctypes:consumer fromdate:1-1-2000 todate: 31-12-2000
2001,/search/?formInput=doctypes:consumer fromdate:1-1-2001 todate: 31-12-2001
2002,/search/?formInput=doctypes:consumer fromdate:1-1-2002 todate: 31-12-2002
2003,/search/?formInput=doctypes:consumer fromdate:1-1-2003 todate: 31-12-2003
2004,/search/?formInput=doctypes:consumer fromdate:1-1-2004 todate: 31-12-2004
2005,/search/?formInput=doctypes:consumer fromdate:1-1-2005 todate: 31-12-2005
2006,/search/?formInput=doctypes:consumer fromdate:1-1-2006 todate: 31-12-2006
2007,/search/?formInput=doctypes:consumer fromdate:1-1-2007 todate: 31-12-2007
2008,/search/?formInput=doctypes:consumer fromdate:1-1-2008 todate: 31-12-2008
2009,/search/?formInput=doctypes:consumer fromdate:1-1-2009 todate: 31-12-2009
2010,/search/?formInput=doctypes:consumer fromdate:1-1-2010 todate: 31-12-2010
2011,/search/?formInput=doctypes:consumer fromdate:1-1-2011 todate: 31-12-2011
2012,/search/?formInput=doctypes:consumer fromdate:1-1-2012 todate: 31-12-2012
2013,/search/?formInput=doctypes:consumer fromdate:1-1-2013 todate: 31-12-2013
2014,/search/?formInput=doctypes:consumer fromdate:1-1-2014 todate: 31-12-2014
2015,/search/?formInput=doctypes:consumer fromdate:1-1-2015 todate: 31-12-2015
2016,/search/?formInput=doctypes:consumer fromdate:1-1-2016 todate: 31-12-2016
2017,/search/?formInput=doctypes:consumer fromdate:1-1-2017 todate: 31-12-2017
2018,/search/?formInput=doctypes:consumer fromdate:1-1-2018 todate: 31-12-2018
2019,/search/?formInput=doctypes:consumer fromdate:1-1-2019 todate: 31-12-2019
2020,/search/?formInput=doctypes:consumer fromdate:1-1-2020 todate: 31-12-2020
2021,/search/?formInput=doctypes:consumer fromdate:1-1-2021 todate: 31-12-2021
2022,/search/?formInput=doctypes:consumer fromdate:1-1-2022 todate: 31-12-2022
2023,/search/?formInput=doctypes:consumer fromdate:1-1-2023 todate: 31-12-2023
2024,/search/?formInput=doctypes:consumer fromdate:1-1-2024 todate: 31-12-2024
